{"frames": {

"B-Green-Active.png":
{
	"frame": {"x":0,"y":0,"w":64,"h":70},
	"rotated": false,
	"trimmed": false,
	"spriteSourceSize": {"x":0,"y":0,"w":64,"h":70},
	"sourceSize": {"w":64,"h":70}
},
"B-Green-Inactive.png":
{
	"frame": {"x":0,"y":70,"w":64,"h":70},
	"rotated": false,
	"trimmed": false,
	"spriteSourceSize": {"x":0,"y":0,"w":64,"h":70},
	"sourceSize": {"w":64,"h":70}
},
"B-Omni-Active.png":
{
	"frame": {"x":0,"y":140,"w":64,"h":70},
	"rotated": false,
	"trimmed": false,
	"spriteSourceSize": {"x":0,"y":0,"w":64,"h":70},
	"sourceSize": {"w":64,"h":70}
},
"B-Omni-Inactive.png":
{
	"frame": {"x":0,"y":210,"w":64,"h":70},
	"rotated": false,
	"trimmed": false,
	"spriteSourceSize": {"x":0,"y":0,"w":64,"h":70},
	"sourceSize": {"w":64,"h":70}
},
"B-Orange-Active.png":
{
	"frame": {"x":0,"y":280,"w":64,"h":70},
	"rotated": false,
	"trimmed": false,
	"spriteSourceSize": {"x":0,"y":0,"w":64,"h":70},
	"sourceSize": {"w":64,"h":70}
},
"B-Orange-Inactive.png":
{
	"frame": {"x":0,"y":350,"w":64,"h":70},
	"rotated": false,
	"trimmed": false,
	"spriteSourceSize": {"x":0,"y":0,"w":64,"h":70},
	"sourceSize": {"w":64,"h":70}
},
"B-Red-Active.png":
{
	"frame": {"x":0,"y":420,"w":64,"h":70},
	"rotated": false,
	"trimmed": false,
	"spriteSourceSize": {"x":0,"y":0,"w":64,"h":70},
	"sourceSize": {"w":64,"h":70}
},
"B-Red-Inactive.png":
{
	"frame": {"x":0,"y":490,"w":64,"h":70},
	"rotated": false,
	"trimmed": false,
	"spriteSourceSize": {"x":0,"y":0,"w":64,"h":70},
	"sourceSize": {"w":64,"h":70}
},
"Green-Active.png":
{
	"frame": {"x":0,"y":560,"w":64,"h":70},
	"rotated": false,
	"trimmed": false,
	"spriteSourceSize": {"x":0,"y":0,"w":64,"h":70},
	"sourceSize": {"w":64,"h":70}
},
"Green-Inactive.png":
{
	"frame": {"x":0,"y":630,"w":64,"h":70},
	"rotated": false,
	"trimmed": false,
	"spriteSourceSize": {"x":0,"y":0,"w":64,"h":70},
	"sourceSize": {"w":64,"h":70}
},
"Green-Orange-Active.png":
{
	"frame": {"x":0,"y":700,"w":64,"h":70},
	"rotated": false,
	"trimmed": false,
	"spriteSourceSize": {"x":0,"y":0,"w":64,"h":70},
	"sourceSize": {"w":64,"h":70}
},
"Green-Orange-Inactive.png":
{
	"frame": {"x":0,"y":770,"w":64,"h":70},
	"rotated": false,
	"trimmed": false,
	"spriteSourceSize": {"x":0,"y":0,"w":64,"h":70},
	"sourceSize": {"w":64,"h":70}
},
"Orange-Active.png":
{
	"frame": {"x":0,"y":840,"w":64,"h":70},
	"rotated": false,
	"trimmed": false,
	"spriteSourceSize": {"x":0,"y":0,"w":64,"h":70},
	"sourceSize": {"w":64,"h":70}
},
"Orange-Inactive.png":
{
	"frame": {"x":0,"y":910,"w":64,"h":70},
	"rotated": false,
	"trimmed": false,
	"spriteSourceSize": {"x":0,"y":0,"w":64,"h":70},
	"sourceSize": {"w":64,"h":70}
},
"Orange-Red-Active.png":
{
	"frame": {"x":0,"y":980,"w":64,"h":70},
	"rotated": false,
	"trimmed": false,
	"spriteSourceSize": {"x":0,"y":0,"w":64,"h":70},
	"sourceSize": {"w":64,"h":70}
},
"Orange-Red-Inactive.png":
{
	"frame": {"x":0,"y":1050,"w":64,"h":70},
	"rotated": false,
	"trimmed": false,
	"spriteSourceSize": {"x":0,"y":0,"w":64,"h":70},
	"sourceSize": {"w":64,"h":70}
},
"Red-Active.png":
{
	"frame": {"x":0,"y":1120,"w":64,"h":70},
	"rotated": false,
	"trimmed": false,
	"spriteSourceSize": {"x":0,"y":0,"w":64,"h":70},
	"sourceSize": {"w":64,"h":70}
},
"Red-Green-Active.png":
{
	"frame": {"x":0,"y":1190,"w":64,"h":70},
	"rotated": false,
	"trimmed": false,
	"spriteSourceSize": {"x":0,"y":0,"w":64,"h":70},
	"sourceSize": {"w":64,"h":70}
},
"Red-Green-Inactive.png":
{
	"frame": {"x":0,"y":1260,"w":64,"h":70},
	"rotated": false,
	"trimmed": false,
	"spriteSourceSize": {"x":0,"y":0,"w":64,"h":70},
	"sourceSize": {"w":64,"h":70}
},
"Red-Inactive.png":
{
	"frame": {"x":0,"y":1330,"w":64,"h":70},
	"rotated": false,
	"trimmed": false,
	"spriteSourceSize": {"x":0,"y":0,"w":64,"h":70},
	"sourceSize": {"w":64,"h":70}
}},
"meta": {
	"app": "https://www.codeandweb.com/texturepacker",
	"version": "1.0",
	"image": "hexSpriteSheet.png",
	"format": "RGBA8888",
	"size": {"w":64,"h":1400},
	"scale": "1",
	"smartupdate": "$TexturePacker:SmartUpdate:bc09d21b94405927c42072579bd412ed:7f36f76ff9b2b7f266c9b002d297954e:158f25212de087b807de97f2d0c0baf7$"
}
}
